GEO.id,GEO.id2,GEO.display-label,GCT_STUB.target-geo-id,GCT_STUB.target-geo-id2,GCT_STUB.display-label,GCT_STUB.display-label,HD01,HD02,SUBHD0301,SUBHD0302,SUBHD0303,SUBHD0401,SUBHD0402
Id,Id2,Geography,Target Geo Id,Target Geo Id2,Geographic area,Geographic area,Population,Housing units,Area in square miles - Total area,Area in square miles - Water area,Area in square miles - Land area,Density per square mile of land area - Population,Density per square mile of land area - Housing units
0400000US12,12,Florida,0400000US12,12,Florida,Florida,18801310(r40184),8989580(r16882),65757.70,12132.94,53624.76,350.6,167.6
0400000US12,12,Florida,0500000US12001,12001,Florida - Alachua County,Alachua County,247336,112766,968.81,93.79,875.02,282.7,128.9
0400000US12,12,Florida,0500000US12003,12003,Florida - Baker County,Baker County,27115,9687,588.97,3.74,585.23,46.3,16.6
0400000US12,12,Florida,0500000US12005,12005,Florida - Bay County,Bay County,168852,99650,1033.15,274.69,758.46,222.6,131.4
0400000US12,12,Florida,0500000US12007,12007,Florida - Bradford County,Bradford County,28520,11011,300.49,6.53,293.96,97.0,37.5
0400000US12,12,Florida,0500000US12009,12009,Florida - Brevard County,Brevard County,543376,269864,1557.00,541.33,1015.66,535.0,265.7
0400000US12,12,Florida,0500000US12011,12011,Florida - Broward County,Broward County,1748066,810388,1322.86,113.08,1209.79,1444.9,669.9
0400000US12,12,Florida,0500000US12013,12013,Florida - Calhoun County,Calhoun County,14625,5999,574.31,6.98,567.33,25.8,10.6
0400000US12,12,Florida,0500000US12015,12015,Florida - Charlotte County,Charlotte County,159978,100632,858.30,178.02,680.28,235.2,147.9
0400000US12,12,Florida,0500000US12017,12017,Florida - Citrus County,Citrus County,141236,78026,773.29,191.60,581.70,242.8,134.1
0400000US12,12,Florida,0500000US12019,12019,Florida - Clay County,Clay County,190865,75478,643.55,39.19,604.36,315.8,124.9
0400000US12,12,Florida,0500000US12021,12021,Florida - Collier County,Collier County,321520,197298,2305.02,306.69,1998.32,160.9,98.7
0400000US12,12,Florida,0500000US12023,12023,Florida - Columbia County,Columbia County,67531,28636,801.33,3.75,797.57,84.7,35.9
0400000US12,12,Florida,0500000US12027,12027,Florida - DeSoto County,DeSoto County,34862,14590,639.48,2.42,637.06,54.7,22.9
0400000US12,12,Florida,0500000US12029,12029,Florida - Dixie County,Dixie County,16422,9319,863.65,158.60,705.05,23.3,13.2
0400000US12,12,Florida,0500000US12031,12031,Florida - Duval County,Duval County,864263,388486,918.45,156.26,762.19,1133.9,509.7
0400000US12,12,Florida,0500000US12033,12033,Florida - Escambia County,Escambia County,297619,136703,874.70,218.24,656.46,453.4,208.2
0400000US12,12,Florida,0500000US12035,12035,Florida - Flagler County,Flagler County,95696,48595,570.82,85.36,485.46,197.1,100.1
0400000US12,12,Florida,0500000US12037,12037,Florida - Franklin County,Franklin County,11549,8652,1026.49,491.77,534.72,21.6,16.2
0400000US12,12,Florida,0500000US12039,12039,Florida - Gadsden County,Gadsden County,46389,19506,528.53,12.20,516.33,89.8,37.8
0400000US12,12,Florida,0500000US12041,12041,Florida - Gilchrist County,Gilchrist County,16939,7307,355.24,5.56,349.68,48.4,20.9
0400000US12,12,Florida,0500000US12043,12043,Florida - Glades County,Glades County,12884,6979,986.85,180.84,806.01,16.0,8.7
0400000US12,12,Florida,0500000US12045,12045,Florida - Gulf County,Gulf County,15863,9110,755.56,191.55,564.01,28.1,16.2
0400000US12,12,Florida,0500000US12047,12047,Florida - Hamilton County,Hamilton County,14799,5778,519.06,5.27,513.79,28.8,11.2
0400000US12,12,Florida,0500000US12049,12049,Florida - Hardee County,Hardee County,27731,9722,638.34,0.56,637.78,43.5,15.2
0400000US12,12,Florida,0500000US12051,12051,Florida - Hendry County,Hendry County,39140,14564,1190.00,37.25,1152.75,34.0,12.6
0400000US12,12,Florida,0500000US12053,12053,Florida - Hernando County,Hernando County,172778,84504,589.02,116.48,472.54,365.6,178.8
0400000US12,12,Florida,0500000US12055,12055,Florida - Highlands County,Highlands County,98786,55386,1106.03,89.42,1016.61,97.2,54.5
0400000US12,12,Florida,0500000US12057,12057,Florida - Hillsborough County,Hillsborough County,1229226,536092,1265.76,245.55,1020.21,1204.9,525.5
0400000US12,12,Florida,0500000US12059,12059,Florida - Holmes County,Holmes County,19927,8641,489.05,10.27,478.78,41.6,18.0
0400000US12,12,Florida,0500000US12061,12061,Florida - Indian River County,Indian River County,138028,76346,617.01,114.13,502.87,274.5,151.8
0400000US12,12,Florida,0500000US12063,12063,Florida - Jackson County,Jackson County,49746,21003,954.56,36.80,917.76,54.2,22.9
0400000US12,12,Florida,0500000US12065,12065,Florida - Jefferson County,Jefferson County,14761,6632,636.54,38.44,598.10,24.7,11.1
0400000US12,12,Florida,0500000US12067,12067,Florida - Lafayette County,Lafayette County,8870,3328,547.91,4.50,543.41,16.3,6.1
0400000US12,12,Florida,0500000US12069,12069,Florida - Lake County,Lake County,297052(r40336),144996,1156.96,218.58,938.38,316.6,154.5
0400000US12,12,Florida,0500000US12071,12071,Florida - Lee County,Lee County,618754,371099,1212.46,427.95,784.51,788.7,473.0
0400000US12,12,Florida,0500000US12073,12073,Florida - Leon County,Leon County,275487,124136,701.79,34.94,666.85,413.1,186.2
0400000US12,12,Florida,0500000US12075,12075,Florida - Levy County,Levy County,40801,20123,1412.79,294.59,1118.21,36.5,18.0
0400000US12,12,Florida,0500000US12077,12077,Florida - Liberty County,Liberty County,8365,3357,843.12,7.56,835.56,10.0,4.0
0400000US12,12,Florida,0500000US12079,12079,Florida - Madison County,Madison County,19224,8481,715.68,19.74,695.95,27.6,12.2
0400000US12,12,Florida,0500000US12081,12081,Florida - Manatee County,Manatee County,322833,172690,892.68,149.75,742.93,434.5,232.4
0400000US12,12,Florida,0500000US12083,12083,Florida - Marion County,Marion County,331298(r40439),164050,1662.61,78.06,1584.55,209.1,103.5
0400000US12,12,Florida,0500000US12085,12085,Florida - Martin County,Martin County,146318,78131,752.83,209.36,543.46,269.2,143.8
0400000US12,12,Florida,0500000US12086,12086,Florida - Miami-Dade County,Miami-Dade County,2496435(r40445),989435(r17101),2431.18,533.47,1897.72,1315.5,521.4
0400000US12,12,Florida,0500000US12087,12087,Florida - Monroe County,Monroe County,73090,52764,3737.52,2754.24,983.28,74.3,53.7
0400000US12,12,Florida,0500000US12089,12089,Florida - Nassau County,Nassau County,73314,35009,725.92,77.28,648.64,113.0,54.0
0400000US12,12,Florida,0500000US12091,12091,Florida - Okaloosa County,Okaloosa County,180822,92407,1082.08,151.83,930.25,194.4,99.3
0400000US12,12,Florida,0500000US12093,12093,Florida - Okeechobee County,Okeechobee County,39996,18509,891.91,123.00,768.91,52.0,24.1
0400000US12,12,Florida,0500000US12095,12095,Florida - Orange County,Orange County,1145956,487839,1003.26,99.83,903.43,1268.5,540.0
0400000US12,12,Florida,0500000US12097,12097,Florida - Osceola County,Osceola County,268685,128170,1505.91,178.45,1327.45,202.4,96.6
0400000US12,12,Florida,0500000US12099,12099,Florida - Palm Beach County,Palm Beach County,1320134,664594,2383.01,413.25,1969.76,670.2,337.4
0400000US12,12,Florida,0500000US12101,12101,Florida - Pasco County,Pasco County,464697,228928,868.45,121.57,746.89,622.2,306.5
0400000US12,12,Florida,0500000US12103,12103,Florida - Pinellas County,Pinellas County,916542,503634,608.13,334.33,273.80,3347.5,1839.4
0400000US12,12,Florida,0500000US12105,12105,Florida - Polk County,Polk County,602095,281214,2010.55,212.71,1797.84,334.9,156.4
0400000US12,12,Florida,0500000US12107,12107,Florida - Putnam County,Putnam County,74364,37337,826.92,99.30,727.62,102.2,51.3
0400000US12,12,Florida,0500000US12109,12109,Florida - St. Johns County,St. Johns County,190039,89830,821.53,220.87,600.66,316.4,149.6
0400000US12,12,Florida,0500000US12111,12111,Florida - St. Lucie County,St. Lucie County,277789,137029,688.11,116.18,571.93,485.7,239.6
0400000US12,12,Florida,0500000US12113,12113,Florida - Santa Rosa County,Santa Rosa County,151372,64760,1173.78,162.17,1011.60,149.6,64.0
0400000US12,12,Florida,0500000US12115,12115,Florida - Sarasota County,Sarasota County,379448,228413,725.34,169.48,555.87,682.6,410.9
0400000US12,12,Florida,0500000US12117,12117,Florida - Seminole County,Seminole County,422718,181307,345.29,36.07,309.22,1367.0,586.3
0400000US12,12,Florida,0500000US12119,12119,Florida - Sumter County,Sumter County,93420,53026,579.83,32.89,546.93,170.8,97.0
0400000US12,12,Florida,0500000US12121,12121,Florida - Suwannee County,Suwannee County,41551,19164,692.26,3.70,688.55,60.3,27.8
0400000US12,12,Florida,0500000US12123,12123,Florida - Taylor County,Taylor County,22570,11004,1232.20,188.90,1043.31,21.6,10.5
0400000US12,12,Florida,0500000US12125,12125,Florida - Union County,Union County,15535,4508,249.75,6.20,243.56,63.8,18.5
0400000US12,12,Florida,0500000US12127,12127,Florida - Volusia County,Volusia County,494593,254226,1432.44,331.40,1101.03,449.2,230.9
0400000US12,12,Florida,0500000US12129,12129,Florida - Wakulla County,Wakulla County,30776,12804,735.73,129.31,606.42,50.8,21.1
0400000US12,12,Florida,0500000US12131,12131,Florida - Walton County,Walton County,55043,45132,1239.59,201.97,1037.62,53.0,43.5
0400000US12,12,Florida,0500000US12133,12133,Florida - Washington County,Washington County,24896,10796,615.95,33.15,582.80,42.7,18.5
